{
	"abazangzuqiangzu": {
		"coord": [
			31.9058,
			102.2286
		],
		"hanzi": "阿坝藏族羌族自治州"
	},
	"akesudiqu": {
		"coord": [
			41.1717,
			80.2698
		],
		"hanzi": "阿克苏地区"
	},
	"alashanmeng": {
		"coord": [
			38.8431,
			105.6957
		],
		"hanzi": "阿拉善盟"
	},
	"alidiqu": {
		"coord": [
			30.4046,
			81.1077
		],
		"hanzi": "阿里地区"
	},
	"ankang": {
		"coord": [
			32.7044,
			109.038
		],
		"hanzi": "安康市"
	},
	"anqing": {
		"coord": [
			30.5379,
			117.0587
		],
		"hanzi": "安庆市"
	},
	"anshan": {
		"coord": [
			41.1187,
			123.0078
		],
		"hanzi": "鞍山市"
	},
	"anshun": {
		"coord": [
			26.2286,
			105.9283
		],
		"hanzi": "安顺市"
	},
	"anyang": {
		"coord": [
			36.1103,
			114.3518
		],
		"hanzi": "安阳市"
	},
	"aomen": {
		"coord": [
			22.193,
			113.5497
		],
		"hanzi": "澳门"
	},
	"baicheng": {
		"coord": [
			45.6211,
			122.8408
		],
		"hanzi": "白城市"
	},
	"baise": {
		"coord": [
			23.9015,
			106.6318
		],
		"hanzi": "百色市"
	},
	"baishan": {
		"coord": [
			41.9459,
			126.4358
		],
		"hanzi": "白山市"
	},
	"baiyin": {
		"coord": [
			36.5467,
			104.1712
		],
		"hanzi": "白银市"
	},
	"baoding": {
		"coord": [
			38.8866,
			115.4948
		],
		"hanzi": "保定市"
	},
	"baoji": {
		"coord": [
			34.3641,
			107.1706
		],
		"hanzi": "宝鸡市"
	},
	"baoshan": {
		"coord": [
			25.1205,
			99.178
		],
		"hanzi": "保山市"
	},
	"baotou": {
		"coord": [
			40.6471,
			109.8462
		],
		"hanzi": "包头市"
	},
	"bayannaoer": {
		"coord": [
			40.7692,
			107.4238
		],
		"hanzi": "巴彦淖尔市"
	},
	"bayinguolengmengguzizhizhou": {
		"coord": [
			41.7714,
			86.1217
		],
		"hanzi": "巴音郭楞蒙古自治州"
	},
	"bazhong": {
		"coord": [
			31.8692,
			106.7579
		],
		"hanzi": "巴中市"
	},
	"beihai": {
		"coord": [
			21.4727,
			109.1226
		],
		"hanzi": "北海市"
	},
	"beijing": {
		"coord": [
			39.93,
			116.3956
		],
		"hanzi": "北京市"
	},
	"bengbu": {
		"coord": [
			32.9295,
			117.3571
		],
		"hanzi": "蚌埠市"
	},
	"benxi": {
		"coord": [
			41.3258,
			123.7781
		],
		"hanzi": "本溪市"
	},
	"bijie": {
		"coord": [
			27.4086,
			105.3333
		],
		"hanzi": "毕节市"
	},
	"binzhou": {
		"coord": [
			37.4053,
			117.9683
		],
		"hanzi": "滨州市"
	},
	"boertalamenggu": {
		"coord": [
			44.9137,
			82.0524
		],
		"hanzi": "博尔塔拉蒙古自治州"
	},
	"bozhou": {
		"coord": [
			33.8712,
			115.7879
		],
		"hanzi": "亳州市"
	},
	"cangzhou": {
		"coord": [
			38.2976,
			116.8638
		],
		"hanzi": "沧州市"
	},
	"changchun": {
		"coord": [
			43.8983,
			125.3136
		],
		"hanzi": "长春市"
	},
	"changde": {
		"coord": [
			29.0121,
			111.6537
		],
		"hanzi": "常德市"
	},
	"changdou": {
		"coord": [
			31.1406,
			97.1856
		],
		"hanzi": "昌都市"
	},
	"changjihuizu": {
		"coord": [
			44.0071,
			87.296
		],
		"hanzi": "昌吉回族自治州"
	},
	"changsha": {
		"coord": [
			28.2135,
			112.9794
		],
		"hanzi": "长沙市"
	},
	"changshu": {
		"coord": [
			40.1421,
			94.662
		],
		"hanzi": "常熟市"
	},
	"changzhi": {
		"coord": [
			36.2017,
			113.1203
		],
		"hanzi": "长治市"
	},
	"changzhou": {
		"coord": [
			31.7714,
			119.9819
		],
		"hanzi": "常州市"
	},
	"chaozhou": {
		"coord": [
			23.6618,
			116.6301
		],
		"hanzi": "潮州市"
	},
	"chengde": {
		"coord": [
			40.9925,
			117.9338
		],
		"hanzi": "承德市"
	},
	"chengdu": {
		"coord": [
			30.6799,
			104.0679
		],
		"hanzi": "成都市"
	},
	"chenzhou": {
		"coord": [
			25.7823,
			113.0377
		],
		"hanzi": "郴州市"
	},
	"chifeng": {
		"coord": [
			42.2971,
			118.9308
		],
		"hanzi": "赤峰市"
	},
	"chizhou": {
		"coord": [
			30.66,
			117.4945
		],
		"hanzi": "池州市"
	},
	"chongqing": {
		"coord": [
			29.5446,
			106.5306
		],
		"hanzi": "重庆市"
	},
	"chongzuo": {
		"coord": [
			22.4155,
			107.3573
		],
		"hanzi": "崇左市"
	},
	"chuxiongyizu": {
		"coord": [
			25.0664,
			101.5294
		],
		"hanzi": "楚雄彝族自治州"
	},
	"chuzhou": {
		"coord": [
			32.3174,
			118.3246
		],
		"hanzi": "滁州市"
	},
	"dalian": {
		"coord": [
			38.9487,
			121.5935
		],
		"hanzi": "大连市"
	},
	"dalibaizu": {
		"coord": [
			25.5969,
			100.2237
		],
		"hanzi": "大理白族自治州"
	},
	"dandong": {
		"coord": [
			40.129,
			124.3385
		],
		"hanzi": "丹东市"
	},
	"daqing": {
		"coord": [
			46.5967,
			125.0218
		],
		"hanzi": "大庆市"
	},
	"datong": {
		"coord": [
			40.1137,
			113.2905
		],
		"hanzi": "大同市"
	},
	"daxinganlingdiqu": {
		"coord": [
			51.9918,
			124.1961
		],
		"hanzi": "大兴安岭地区"
	},
	"dazhou": {
		"coord": [
			31.2142,
			107.495
		],
		"hanzi": "达州市"
	},
	"dehongdaizujingpozu": {
		"coord": [
			24.4412,
			98.5894
		],
		"hanzi": "德宏傣族景颇族自治州"
	},
	"deyang": {
		"coord": [
			31.1311,
			104.4024
		],
		"hanzi": "德阳市"
	},
	"dezhou": {
		"coord": [
			37.4608,
			116.3282
		],
		"hanzi": "德州市"
	},
	"dingxi": {
		"coord": [
			35.5861,
			104.6266
		],
		"hanzi": "定西市"
	},
	"diqingzangzu": {
		"coord": [
			27.831,
			99.7137
		],
		"hanzi": "迪庆藏族自治州"
	},
	"dongguan": {
		"coord": [
			23.043,
			113.7634
		],
		"hanzi": "东莞市"
	},
	"dongying": {
		"coord": [
			37.4871,
			118.5839
		],
		"hanzi": "东营市"
	},
	"dunhuang": {
		"coord": [
			31.6544,
			120.7525
		],
		"hanzi": "敦煌"
	},
	"eerduosi": {
		"coord": [
			39.8165,
			109.9937
		],
		"hanzi": "鄂尔多斯市"
	},
	"enshitujiazumiaozu": {
		"coord": [
			30.2859,
			109.4919
		],
		"hanzi": "恩施土家族苗族自治州"
	},
	"ezhou": {
		"coord": [
			30.3844,
			114.8956
		],
		"hanzi": "鄂州市"
	},
	"fangchenggang": {
		"coord": [
			21.6174,
			108.3518
		],
		"hanzi": "防城港市"
	},
	"foshan": {
		"coord": [
			23.0351,
			113.134
		],
		"hanzi": "佛山市"
	},
	"fuding": {
		"coord": [
			27.3245,
			120.217
		],
		"hanzi": "福鼎市"
	},
	"fushun": {
		"coord": [
			41.8773,
			123.9298
		],
		"hanzi": "抚顺市"
	},
	"fuxin": {
		"coord": [
			42.0193,
			121.6608
		],
		"hanzi": "阜新市"
	},
	"fuyang": {
		"coord": [
			32.9012,
			115.8209
		],
		"hanzi": "阜阳市"
	},
	"fuzhou": {
		"coord": [
			26.0471,
			119.3302
		],
		"hanzi": "福州市"
	},
	"gannanzangzu": {
		"coord": [
			34.9922,
			102.9174
		],
		"hanzi": "甘南藏族自治州"
	},
	"ganzhou": {
		"coord": [
			25.8453,
			114.9359
		],
		"hanzi": "赣州市"
	},
	"ganzizangzu": {
		"coord": [
			30.0551,
			101.9692
		],
		"hanzi": "甘孜藏族自治州"
	},
	"gaoxiong": {
		"coord": [
			22.6273,
			120.3014
		],
		"hanzi": "高雄市"
	},
	"gaoyou": {
		"coord": [
			32.7817,
			119.4592
		],
		"hanzi": "高邮市"
	},
	"gongzhuling": {
		"coord": [
			43.7918,
			124.6859
		],
		"hanzi": "公主岭"
	},
	"guangan": {
		"coord": [
			30.464,
			106.6357
		],
		"hanzi": "广安市"
	},
	"guangyuan": {
		"coord": [
			32.441,
			105.8197
		],
		"hanzi": "广元市"
	},
	"guangzhou": {
		"coord": [
			23.12,
			113.3076
		],
		"hanzi": "广州市"
	},
	"guigang": {
		"coord": [
			23.1034,
			109.6137
		],
		"hanzi": "贵港市"
	},
	"guilin": {
		"coord": [
			25.2629,
			110.2609
		],
		"hanzi": "桂林市"
	},
	"guiyang": {
		"coord": [
			26.6299,
			106.7092
		],
		"hanzi": "贵阳市"
	},
	"guoluozangzu": {
		"coord": [
			34.4805,
			100.2237
		],
		"hanzi": "果洛藏族自治州"
	},
	"guyuan": {
		"coord": [
			36.0215,
			106.2853
		],
		"hanzi": "固原市"
	},
	"haerbin": {
		"coord": [
			45.7732,
			126.6577
		],
		"hanzi": "哈尔滨市"
	},
	"haibeizangzu": {
		"coord": [
			36.9607,
			100.8798
		],
		"hanzi": "海北藏族自治州"
	},
	"haidong": {
		"coord": [
			36.5176,
			102.0852
		],
		"hanzi": "海东市"
	},
	"haikou": {
		"coord": [
			20.0221,
			110.3308
		],
		"hanzi": "海口市"
	},
	"hainanzangzu": {
		"coord": [
			36.2844,
			100.6241
		],
		"hanzi": "海南藏族自治州"
	},
	"haiximengguzuzangzu": {
		"coord": [
			37.3738,
			97.3426
		],
		"hanzi": "海西蒙古族藏族自治州"
	},
	"hami": {
		"coord": [
			42.3445,
			93.5294
		],
		"hanzi": "哈密市"
	},
	"handan": {
		"coord": [
			36.6093,
			114.4827
		],
		"hanzi": "邯郸市"
	},
	"hangzhou": {
		"coord": [
			30.2592,
			120.2194
		],
		"hanzi": "杭州市"
	},
	"hanzhong": {
		"coord": [
			33.0816,
			107.0455
		],
		"hanzi": "汉中市"
	},
	"harbin": {
		"coord": [
			45.7732,
			126.6577
		],
		"hanzi": "哈尔滨市"
	},
	"hebi": {
		"coord": [
			35.7554,
			114.2978
		],
		"hanzi": "鹤壁市"
	},
	"hechi": {
		"coord": [
			24.6995,
			108.0699
		],
		"hanzi": "河池市"
	},
	"hefei": {
		"coord": [
			31.8669,
			117.2827
		],
		"hanzi": "合肥市"
	},
	"hegang": {
		"coord": [
			47.3387,
			130.2925
		],
		"hanzi": "鹤岗市"
	},
	"heihe": {
		"coord": [
			50.2507,
			127.5008
		],
		"hanzi": "黑河市"
	},
	"hengshui": {
		"coord": [
			37.7469,
			115.6862
		],
		"hanzi": "衡水市"
	},
	"hengyang": {
		"coord": [
			26.8982,
			112.5838
		],
		"hanzi": "衡阳市"
	},
	"hetiandiqu": {
		"coord": [
			37.1168,
			79.9302
		],
		"hanzi": "和田地区"
	},
	"heyuan": {
		"coord": [
			23.7573,
			114.7137
		],
		"hanzi": "河源市"
	},
	"heze": {
		"coord": [
			35.2624,
			115.4634
		],
		"hanzi": "菏泽市"
	},
	"hezhou": {
		"coord": [
			24.4111,
			111.5526
		],
		"hanzi": "贺州市"
	},
	"hohhot": {
		"coord": [
			40.8283,
			111.6604
		],
		"hanzi": "呼和浩特市"
	},
	"honghehanizuyizu": {
		"coord": [
			23.3677,
			103.3841
		],
		"hanzi": "红河哈尼族彝族自治州"
	},
	"hongkong": {
		"coord": [
			22.2936,
			114.1861
		],
		"hanzi": "香港"
	},
	"huaian": {
		"coord": [
			33.6065,
			119.0302
		],
		"hanzi": "淮安市"
	},
	"huaibei": {
		"coord": [
			33.96,
			116.7914
		],
		"hanzi": "淮北市"
	},
	"huaihua": {
		"coord": [
			27.5575,
			109.987
		],
		"hanzi": "怀化市"
	},
	"huainan": {
		"coord": [
			32.6428,
			117.0186
		],
		"hanzi": "淮南市"
	},
	"huanggang": {
		"coord": [
			30.4461,
			114.9066
		],
		"hanzi": "黄冈市"
	},
	"huangnanzangzu": {
		"coord": [
			35.5229,
			102.0076
		],
		"hanzi": "黄南藏族自治州"
	},
	"huangshan": {
		"coord": [
			29.7344,
			118.2936
		],
		"hanzi": "黄山市"
	},
	"huangshi": {
		"coord": [
			30.2161,
			115.0507
		],
		"hanzi": "黄石市"
	},
	"huhehaote": {
		"coord": [
			40.8283,
			111.6604
		],
		"hanzi": "呼和浩特市"
	},
	"huizhou": {
		"coord": [
			23.1135,
			114.4107
		],
		"hanzi": "惠州市"
	},
	"huludao": {
		"coord": [
			40.743,
			120.8608
		],
		"hanzi": "葫芦岛市"
	},
	"hulunbeier": {
		"coord": [
			49.2016,
			119.7608
		],
		"hanzi": "呼伦贝尔市"
	},
	"huzhou": {
		"coord": [
			30.8779,
			120.1372
		],
		"hanzi": "湖州市"
	},
	"jiamusi": {
		"coord": [
			46.8138,
			130.2847
		],
		"hanzi": "佳木斯市"
	},
	"jian": {
		"coord": [
			27.1138,
			114.992
		],
		"hanzi": "吉安市"
	},
	"jiangmen": {
		"coord": [
			22.5751,
			113.0781
		],
		"hanzi": "江门市"
	},
	"jianyang": {
		"coord": [
			30.4113,
			104.5472
		],
		"hanzi": "简阳市"
	},
	"jiaozuo": {
		"coord": [
			35.2346,
			113.2118
		],
		"hanzi": "焦作市"
	},
	"jiaxing": {
		"coord": [
			30.774,
			120.7604
		],
		"hanzi": "嘉兴市"
	},
	"jiayuguan": {
		"coord": [
			39.8024,
			98.2816
		],
		"hanzi": "嘉峪关市"
	},
	"jieyang": {
		"coord": [
			23.548,
			116.3795
		],
		"hanzi": "揭阳市"
	},
	"jilin": {
		"coord": [
			43.872,
			126.5645
		],
		"hanzi": "吉林市"
	},
	"jilinshengchangbaishanbaohukaifaqu": {
		"coord": [
			42.456,
			128.139
		],
		"hanzi": "吉林省长白山保护开发区"
	},
	"jinan": {
		"coord": [
			36.6828,
			117.025
		],
		"hanzi": "济南市"
	},
	"jinchang": {
		"coord": [
			38.5161,
			102.2081
		],
		"hanzi": "金昌市"
	},
	"jincheng": {
		"coord": [
			35.4998,
			112.8673
		],
		"hanzi": "晋城市"
	},
	"jingdezhen": {
		"coord": [
			29.3036,
			117.1865
		],
		"hanzi": "景德镇市"
	},
	"jingmen": {
		"coord": [
			31.0426,
			112.2173
		],
		"hanzi": "荆门市"
	},
	"jingzhou": {
		"coord": [
			30.3326,
			112.2419
		],
		"hanzi": "荆州市"
	},
	"jinhua": {
		"coord": [
			29.1029,
			119.6526
		],
		"hanzi": "金华市"
	},
	"jining": {
		"coord": [
			35.4021,
			116.6008
		],
		"hanzi": "济宁市"
	},
	"jinzhong": {
		"coord": [
			37.6934,
			112.7385
		],
		"hanzi": "晋中市"
	},
	"jinzhou": {
		"coord": [
			41.1309,
			121.1477
		],
		"hanzi": "锦州市"
	},
	"jiujiang": {
		"coord": [
			29.7196,
			115.9998
		],
		"hanzi": "九江市"
	},
	"jiuquan": {
		"coord": [
			39.7415,
			98.5084
		],
		"hanzi": "酒泉市"
	},
	"jixi": {
		"coord": [
			45.3215,
			130.9418
		],
		"hanzi": "鸡西市"
	},
	"jiyuan": {
		"coord": [
			35.1054,
			112.4053
		],
		"hanzi": "济源市"
	},
	"kaifeng": {
		"coord": [
			34.8019,
			114.3516
		],
		"hanzi": "开封市"
	},
	"kaohsiung": {
		"coord": [
			22.6273,
			120.3014
		],
		"hanzi": "高雄市"
	},
	"karamay": {
		"coord": [
			45.5943,
			84.8812
		],
		"hanzi": "克拉玛依市"
	},
	"kashidiqu": {
		"coord": [
			39.4706,
			75.993
		],
		"hanzi": "喀什地区"
	},
	"kelamayi": {
		"coord": [
			45.5943,
			84.8812
		],
		"hanzi": "克拉玛依市"
	},
	"kezileisu": {
		"coord": [
			39.7503,
			76.1376
		],
		"hanzi": "克孜勒苏柯尔克孜自治州"
	},
	"kunming": {
		"coord": [
			25.0492,
			102.7146
		],
		"hanzi": "昆明市"
	},
	"kunshan": {
		"coord": [
			31.3856,
			120.9807
		],
		"hanzi": "昆山市"
	},
	"laibin": {
		"coord": [
			23.7412,
			109.2318
		],
		"hanzi": "来宾市"
	},
	"laiwu": {
		"coord": [
			36.2337,
			117.6847
		],
		"hanzi": "莱芜市"
	},
	"langfang": {
		"coord": [
			39.5186,
			116.7036
		],
		"hanzi": "廊坊市"
	},
	"lanzhou": {
		"coord": [
			36.0642,
			103.8233
		],
		"hanzi": "兰州市"
	},
	"lasa": {
		"coord": [
			29.6626,
			91.1119
		],
		"hanzi": "拉萨市"
	},
	"leshan": {
		"coord": [
			29.601,
			103.7608
		],
		"hanzi": "乐山市"
	},
	"liangshanyizu": {
		"coord": [
			27.8924,
			102.2596
		],
		"hanzi": "凉山彝族自治州"
	},
	"lianyungang": {
		"coord": [
			34.6015,
			119.1739
		],
		"hanzi": "连云港市"
	},
	"liaocheng": {
		"coord": [
			36.4558,
			115.9869
		],
		"hanzi": "聊城市"
	},
	"liaoyang": {
		"coord": [
			41.2733,
			123.1725
		],
		"hanzi": "辽阳市"
	},
	"liaoyuan": {
		"coord": [
			42.9233,
			125.1337
		],
		"hanzi": "辽源市"
	},
	"lijiang": {
		"coord": [
			26.8754,
			100.2296
		],
		"hanzi": "丽江市"
	},
	"lincang": {
		"coord": [
			23.8878,
			100.0926
		],
		"hanzi": "临沧市"
	},
	"linfen": {
		"coord": [
			36.0997,
			111.5388
		],
		"hanzi": "临汾市"
	},
	"linxiahuizu": {
		"coord": [
			35.5985,
			103.2152
		],
		"hanzi": "临夏回族自治州"
	},
	"linyi": {
		"coord": [
			35.0724,
			118.3408
		],
		"hanzi": "临沂市"
	},
	"linzhi": {
		"coord": [
			29.6669,
			94.35
		],
		"hanzi": "林芝市"
	},
	"lishui": {
		"coord": [
			28.4563,
			119.9296
		],
		"hanzi": "丽水市"
	},
	"liupanshui": {
		"coord": [
			26.5919,
			104.8521
		],
		"hanzi": "六盘水市"
	},
	"liuzhou": {
		"coord": [
			24.3291,
			109.4224
		],
		"hanzi": "柳州市"
	},
	"longnan": {
		"coord": [
			33.3945,
			104.9346
		],
		"hanzi": "陇南市"
	},
	"longyan": {
		"coord": [
			25.0787,
			117.018
		],
		"hanzi": "龙岩市"
	},
	"loudi": {
		"coord": [
			27.7411,
			111.9964
		],
		"hanzi": "娄底市"
	},
	"luan": {
		"coord": [
			31.7556,
			116.5053
		],
		"hanzi": "六安市"
	},
	"luohe": {
		"coord": [
			33.5763,
			114.0461
		],
		"hanzi": "漯河市"
	},
	"luoyang": {
		"coord": [
			34.6574,
			112.4475
		],
		"hanzi": "洛阳市"
	},
	"luzhou": {
		"coord": [
			28.8959,
			105.444
		],
		"hanzi": "泸州市"
	},
	"lvliang": {
		"coord": [
			37.5273,
			111.1432
		],
		"hanzi": "吕梁市"
	},
	"maanshan": {
		"coord": [
			31.6885,
			118.5159
		],
		"hanzi": "马鞍山市"
	},
	"maoming": {
		"coord": [
			21.6682,
			110.9312
		],
		"hanzi": "茂名市"
	},
	"meihekou": {
		"coord": [
			42.5426,
			125.7235
		],
		"hanzi": "梅河口"
	},
	"meishan": {
		"coord": [
			30.0611,
			103.8414
		],
		"hanzi": "眉山市"
	},
	"meizhou": {
		"coord": [
			24.3046,
			116.1264
		],
		"hanzi": "梅州市"
	},
	"mianyang": {
		"coord": [
			31.5047,
			104.7055
		],
		"hanzi": "绵阳市"
	},
	"mudanjiang": {
		"coord": [
			44.5885,
			129.608
		],
		"hanzi": "牡丹江市"
	},
	"nanchang": {
		"coord": [
			28.6896,
			115.8935
		],
		"hanzi": "南昌市"
	},
	"nanchong": {
		"coord": [
			30.801,
			106.1056
		],
		"hanzi": "南充市"
	},
	"nanjing": {
		"coord": [
			32.0572,
			118.7781
		],
		"hanzi": "南京市"
	},
	"nanning": {
		"coord": [
			22.8065,
			108.2972
		],
		"hanzi": "南宁市"
	},
	"nanping": {
		"coord": [
			26.6436,
			118.1819
		],
		"hanzi": "南平市"
	},
	"nantong": {
		"coord": [
			32.0147,
			120.8738
		],
		"hanzi": "南通市"
	},
	"nanyang": {
		"coord": [
			33.0114,
			112.5428
		],
		"hanzi": "南阳市"
	},
	"naqudiqu": {
		"coord": [
			31.4807,
			92.067
		],
		"hanzi": "那曲地区"
	},
	"neijiang": {
		"coord": [
			29.5995,
			105.0731
		],
		"hanzi": "内江市"
	},
	"newtaipei": {
		"coord": [
			25.0287,
			121.577
		],
		"hanzi": "新北市"
	},
	"ningbo": {
		"coord": [
			29.8853,
			121.579
		],
		"hanzi": "宁波市"
	},
	"ningde": {
		"coord": [
			26.6565,
			119.5421
		],
		"hanzi": "宁德市"
	},
	"nujianglisuzu": {
		"coord": [
			25.8607,
			98.8599
		],
		"hanzi": "怒江傈僳族自治州"
	},
	"panjin": {
		"coord": [
			41.1412,
			122.0732
		],
		"hanzi": "盘锦市"
	},
	"panzhihua": {
		"coord": [
			26.5876,
			101.7224
		],
		"hanzi": "攀枝花市"
	},
	"pingdingshan": {
		"coord": [
			33.7453,
			113.3008
		],
		"hanzi": "平顶山市"
	},
	"pingliang": {
		"coord": [
			35.5501,
			106.6889
		],
		"hanzi": "平凉市"
	},
	"pingtan": {
		"coord": [
			25.5377,
			119.7665
		],
		"hanzi": "平潭市"
	},
	"pingxiang": {
		"coord": [
			27.6395,
			113.8599
		],
		"hanzi": "萍乡市"
	},
	"puer": {
		"coord": [
			22.7888,
			100.9801
		],
		"hanzi": "普洱市"
	},
	"putian": {
		"coord": [
			25.4485,
			119.0777
		],
		"hanzi": "莆田市"
	},
	"puyang": {
		"coord": [
			35.7533,
			115.0266
		],
		"hanzi": "濮阳市"
	},
	"qiandongnanmiaozudongzu": {
		"coord": [
			26.584,
			107.9854
		],
		"hanzi": "黔东南苗族侗族自治州"
	},
	"qianjiang": {
		"coord": [
			30.3431,
			112.7688
		],
		"hanzi": "潜江市"
	},
	"qiannanbuyizumiaozu": {
		"coord": [
			26.2645,
			107.5232
		],
		"hanzi": "黔南布依族苗族自治州"
	},
	"qianxinanbuyizumiaozu": {
		"coord": [
			25.0951,
			104.9006
		],
		"hanzi": "黔西南布依族苗族自治州"
	},
	"qingdao": {
		"coord": [
			36.1052,
			120.3844
		],
		"hanzi": "青岛市"
	},
	"qingyang": {
		"coord": [
			35.7268,
			107.6442
		],
		"hanzi": "庆阳市"
	},
	"qingyuan": {
		"coord": [
			23.6985,
			113.0408
		],
		"hanzi": "清远市"
	},
	"qinhuangdao": {
		"coord": [
			39.9455,
			119.6044
		],
		"hanzi": "秦皇岛市"
	},
	"qinzhou": {
		"coord": [
			21.9734,
			108.6388
		],
		"hanzi": "钦州市"
	},
	"qiqihaer": {
		"coord": [
			47.3477,
			123.9873
		],
		"hanzi": "齐齐哈尔市"
	},
	"qitaihe": {
		"coord": [
			45.775,
			131.019
		],
		"hanzi": "七台河市"
	},
	"quanzhou": {
		"coord": [
			24.9017,
			118.6004
		],
		"hanzi": "泉州市"
	},
	"qujing": {
		"coord": [
			25.5208,
			103.7825
		],
		"hanzi": "曲靖市"
	},
	"quzhou": {
		"coord": [
			28.9569,
			118.8758
		],
		"hanzi": "衢州市"
	},
	"rikaze": {
		"coord": [
			29.2682,
			88.9561
		],
		"hanzi": "日喀则市"
	},
	"rizhao": {
		"coord": [
			35.4202,
			119.5072
		],
		"hanzi": "日照市"
	},
	"sanmenxia": {
		"coord": [
			34.7833,
			111.1813
		],
		"hanzi": "三门峡市"
	},
	"sanming": {
		"coord": [
			26.2708,
			117.6422
		],
		"hanzi": "三明市"
	},
	"shamen": {
		"coord": [
			24.4892,
			118.1039
		],
		"hanzi": "厦门市"
	},
	"shanghai": {
		"coord": [
			31.2492,
			121.4879
		],
		"hanzi": "上海市"
	},
	"shangluo": {
		"coord": [
			33.8739,
			109.9342
		],
		"hanzi": "商洛市"
	},
	"shangqiu": {
		"coord": [
			34.4386,
			115.6419
		],
		"hanzi": "商丘市"
	},
	"shangrao": {
		"coord": [
			28.4576,
			117.9555
		],
		"hanzi": "上饶市"
	},
	"shannan": {
		"coord": [
			29.229,
			91.7506
		],
		"hanzi": "山南市"
	},
	"shantou": {
		"coord": [
			23.3839,
			116.7287
		],
		"hanzi": "汕头市"
	},
	"shanwei": {
		"coord": [
			22.7787,
			115.3729
		],
		"hanzi": "汕尾市"
	},
	"shaoguan": {
		"coord": [
			24.803,
			113.5945
		],
		"hanzi": "韶关市"
	},
	"shaoxing": {
		"coord": [
			30.0024,
			120.5925
		],
		"hanzi": "绍兴市"
	},
	"shaoyang": {
		"coord": [
			27.2368,
			111.4615
		],
		"hanzi": "邵阳市"
	},
	"shengzhou": {
		"coord": [
			29.5614,
			120.831
		],
		"hanzi": "嵊州市"
	},
	"shennongjialinqu": {
		"coord": [
			31.5958,
			110.4872
		],
		"hanzi": "神农架林区"
	},
	"shenyang": {
		"coord": [
			41.8086,
			123.4328
		],
		"hanzi": "沈阳市"
	},
	"shenzhen": {
		"coord": [
			22.5461,
			114.026
		],
		"hanzi": "深圳市"
	},
	"shijiazhuang": {
		"coord": [
			38.049,
			114.5221
		],
		"hanzi": "石家庄市"
	},
	"shiyan": {
		"coord": [
			32.637,
			110.8012
		],
		"hanzi": "十堰市"
	},
	"shizuishan": {
		"coord": [
			39.0202,
			106.3793
		],
		"hanzi": "石嘴山市"
	},
	"shouguang": {
		"coord": [
			36.8558,
			118.7907
		],
		"hanzi": "寿光市"
	},
	"shuangyashan": {
		"coord": [
			46.6551,
			131.1714
		],
		"hanzi": "双鸭山市"
	},
	"shuozhou": {
		"coord": [
			39.3377,
			112.4799
		],
		"hanzi": "朔州市"
	},
	"siping": {
		"coord": [
			43.1755,
			124.3914
		],
		"hanzi": "四平市"
	},
	"songyuan": {
		"coord": [
			45.136,
			124.833
		],
		"hanzi": "松原市"
	},
	"suihua": {
		"coord": [
			46.6461,
			126.9891
		],
		"hanzi": "绥化市"
	},
	"suining": {
		"coord": [
			30.5575,
			105.5649
		],
		"hanzi": "遂宁市"
	},
	"suizhou": {
		"coord": [
			31.7179,
			113.3794
		],
		"hanzi": "随州市"
	},
	"suqian": {
		"coord": [
			33.952,
			118.2969
		],
		"hanzi": "宿迁市"
	},
	"suzhou": {
		"coord": [
			33.6368,
			116.9887
		],
		"hanzi": "宿州市"
	},
	"taian": {
		"coord": [
			36.1881,
			117.0894
		],
		"hanzi": "泰安市"
	},
	"taibei": {
		"coord": [
			25.033,
			121.5654
		],
		"hanzi": "台北市"
	},
	"taichung": {
		"coord": [
			29.7087,
			120.2469
		],
		"hanzi": "台中市"
	},
	"tainan": {
		"coord": [
			22.9997,
			120.227
		],
		"hanzi": "台南市"
	},
	"taipei": {
		"coord": [
			25.033,
			121.5654
		],
		"hanzi": "台北市"
	},
	"taiyuan": {
		"coord": [
			37.8903,
			112.5509
		],
		"hanzi": "太原市"
	},
	"taizhong": {
		"coord": [
			29.7087,
			120.2469
		],
		"hanzi": "台中市"
	},
	"taizhou": {
		"coord": [
			28.6683,
			121.4406
		],
		"hanzi": "台州市"
	},
	"tangshan": {
		"coord": [
			39.6505,
			118.1835
		],
		"hanzi": "唐山市"
	},
	"taoyuan": {
		"coord": [
			24.9936,
			121.301
		],
		"hanzi": "桃园市"
	},
	"tianjin": {
		"coord": [
			39.1439,
			117.2108
		],
		"hanzi": "天津市"
	},
	"tianmen": {
		"coord": [
			30.649,
			113.1262
		],
		"hanzi": "天门市"
	},
	"tianshui": {
		"coord": [
			34.5843,
			105.7369
		],
		"hanzi": "天水市"
	},
	"tieling": {
		"coord": [
			42.2998,
			123.8548
		],
		"hanzi": "铁岭市"
	},
	"tongchuan": {
		"coord": [
			34.9084,
			108.9681
		],
		"hanzi": "铜川市"
	},
	"tonghua": {
		"coord": [
			41.7364,
			125.9427
		],
		"hanzi": "通化市"
	},
	"tongliao": {
		"coord": [
			43.6338,
			122.2604
		],
		"hanzi": "通辽市"
	},
	"tongling": {
		"coord": [
			30.9409,
			117.8194
		],
		"hanzi": "铜陵市"
	},
	"tongren": {
		"coord": [
			27.6749,
			109.1686
		],
		"hanzi": "铜仁市"
	},
	"tulufan": {
		"coord": [
			42.6789,
			89.266
		],
		"hanzi": "吐鲁番市"
	},
	"urumqi": {
		"coord": [
			43.8404,
			87.565
		],
		"hanzi": "乌鲁木齐市"
	},
	"weifang": {
		"coord": [
			36.7161,
			119.1426
		],
		"hanzi": "潍坊市"
	},
	"weihai": {
		"coord": [
			37.5288,
			122.094
		],
		"hanzi": "威海市"
	},
	"weinan": {
		"coord": [
			34.5024,
			109.4839
		],
		"hanzi": "渭南市"
	},
	"wenshanzhuangzumiaozu": {
		"coord": [
			23.3741,
			104.2463
		],
		"hanzi": "文山壮族苗族自治州"
	},
	"wenzhou": {
		"coord": [
			28.0028,
			120.6906
		],
		"hanzi": "温州市"
	},
	"wuhai": {
		"coord": [
			39.6832,
			106.832
		],
		"hanzi": "乌海市"
	},
	"wuhan": {
		"coord": [
			30.5811,
			114.3162
		],
		"hanzi": "武汉市"
	},
	"wuhu": {
		"coord": [
			31.366,
			118.3841
		],
		"hanzi": "芜湖市"
	},
	"wulanchabu": {
		"coord": [
			41.0224,
			113.1128
		],
		"hanzi": "乌兰察布市"
	},
	"wulumuqi": {
		"coord": [
			43.8404,
			87.565
		],
		"hanzi": "乌鲁木齐市"
	},
	"wuwei": {
		"coord": [
			37.9332,
			102.6401
		],
		"hanzi": "武威市"
	},
	"wuxi": {
		"coord": [
			31.57,
			120.3055
		],
		"hanzi": "无锡市"
	},
	"wuzhong": {
		"coord": [
			37.9936,
			106.2083
		],
		"hanzi": "吴忠市"
	},
	"wuzhou": {
		"coord": [
			23.4854,
			111.3055
		],
		"hanzi": "梧州市"
	},
	"xi'an": {
		"coord": [
			34.2778,
			108.9531
		],
		"hanzi": "西安市"
	},
	"xiamen": {
		"coord": [
			24.4892,
			118.1039
		],
		"hanzi": "厦门市"
	},
	"xian": {
		"coord": [
			34.2778,
			108.9531
		],
		"hanzi": "西安市"
	},
	"xianggang": {
		"coord": [
			22.2936,
			114.1861
		],
		"hanzi": "香港"
	},
	"xiangtan": {
		"coord": [
			27.8351,
			112.9356
		],
		"hanzi": "湘潭市"
	},
	"xiangxitujiazumiaozu": {
		"coord": [
			28.318,
			109.7457
		],
		"hanzi": "湘西土家族苗族自治州"
	},
	"xiangyang": {
		"coord": [
			32.2292,
			112.2501
		],
		"hanzi": "襄阳市"
	},
	"xianning": {
		"coord": [
			29.8807,
			114.3001
		],
		"hanzi": "咸宁市"
	},
	"xiantao": {
		"coord": [
			30.294,
			113.3874
		],
		"hanzi": "仙桃市"
	},
	"xianyang": {
		"coord": [
			34.3454,
			108.7075
		],
		"hanzi": "咸阳市"
	},
	"xiaogan": {
		"coord": [
			30.928,
			113.9357
		],
		"hanzi": "孝感市"
	},
	"xilinguoleimeng": {
		"coord": [
			43.9397,
			116.0273
		],
		"hanzi": "锡林郭勒盟"
	},
	"xinbei": {
		"coord": [
			25.0287,
			121.577
		],
		"hanzi": "新北市"
	},
	"xinganmeng": {
		"coord": [
			46.0838,
			122.0482
		],
		"hanzi": "兴安盟"
	},
	"xingtai": {
		"coord": [
			37.0695,
			114.5205
		],
		"hanzi": "邢台市"
	},
	"xining": {
		"coord": [
			36.6407,
			101.7679
		],
		"hanzi": "西宁市"
	},
	"xinxiang": {
		"coord": [
			35.3073,
			113.9127
		],
		"hanzi": "新乡市"
	},
	"xinyang": {
		"coord": [
			32.1286,
			114.0855
		],
		"hanzi": "信阳市"
	},
	"xinyu": {
		"coord": [
			27.8223,
			114.9471
		],
		"hanzi": "新余市"
	},
	"xinzhou": {
		"coord": [
			38.461,
			112.7279
		],
		"hanzi": "忻州市"
	},
	"xishuangbannadaizu": {
		"coord": [
			22.0094,
			100.803
		],
		"hanzi": "西双版纳傣族自治州"
	},
	"xuancheng": {
		"coord": [
			30.9516,
			118.7521
		],
		"hanzi": "宣城市"
	},
	"xuchang": {
		"coord": [
			34.0267,
			113.8353
		],
		"hanzi": "许昌市"
	},
	"xuzhou": {
		"coord": [
			34.2716,
			117.1881
		],
		"hanzi": "徐州市"
	},
	"yaan": {
		"coord": [
			29.9997,
			103.0094
		],
		"hanzi": "雅安市"
	},
	"yanan": {
		"coord": [
			36.6033,
			109.5005
		],
		"hanzi": "延安市"
	},
	"yanbianchaoxianzu": {
		"coord": [
			42.8964,
			129.4859
		],
		"hanzi": "延边朝鲜族自治州"
	},
	"yancheng": {
		"coord": [
			33.3799,
			120.1489
		],
		"hanzi": "盐城市"
	},
	"yangjiang": {
		"coord": [
			21.8715,
			111.977
		],
		"hanzi": "阳江市"
	},
	"yanglingshifanqu": {
		"coord": [
			34.2696,
			108.1027
		],
		"hanzi": "杨凌示范区"
	},
	"yangquan": {
		"coord": [
			37.8695,
			113.5692
		],
		"hanzi": "阳泉市"
	},
	"yangzhou": {
		"coord": [
			32.4085,
			119.4278
		],
		"hanzi": "扬州市"
	},
	"yantai": {
		"coord": [
			37.5366,
			121.3096
		],
		"hanzi": "烟台市"
	},
	"yibin": {
		"coord": [
			28.7697,
			104.633
		],
		"hanzi": "宜宾市"
	},
	"yichang": {
		"coord": [
			30.7328,
			111.311
		],
		"hanzi": "宜昌市"
	},
	"yichun": {
		"coord": [
			27.8111,
			114.4
		],
		"hanzi": "宜春市"
	},
	"yilihasake": {
		"coord": [
			43.9222,
			81.2979
		],
		"hanzi": "伊犁哈萨克自治州"
	},
	"yinchuan": {
		"coord": [
			38.5026,
			106.2065
		],
		"hanzi": "银川市"
	},
	"yingkou": {
		"coord": [
			40.6687,
			122.2334
		],
		"hanzi": "营口市"
	},
	"yingtan": {
		"coord": [
			28.2413,
			117.0355
		],
		"hanzi": "鹰潭市"
	},
	"yiwu": {
		"coord": [
			29.3068,
			120.0751
		],
		"hanzi": "义乌市"
	},
	"yiyang": {
		"coord": [
			28.5881,
			112.3665
		],
		"hanzi": "益阳市"
	},
	"yongzhou": {
		"coord": [
			26.436,
			111.6146
		],
		"hanzi": "永州市"
	},
	"yueyang": {
		"coord": [
			29.378,
			113.1462
		],
		"hanzi": "岳阳市"
	},
	"yulin": {
		"coord": [
			38.2794,
			109.7459
		],
		"hanzi": "榆林市"
	},
	"yuncheng": {
		"coord": [
			35.0389,
			111.0069
		],
		"hanzi": "运城市"
	},
	"yunfu": {
		"coord": [
			22.938,
			112.0509
		],
		"hanzi": "云浮市"
	},
	"yushuzangzu": {
		"coord": [
			33.0062,
			97.0133
		],
		"hanzi": "玉树藏族自治州"
	},
	"yuxi": {
		"coord": [
			24.3704,
			102.5451
		],
		"hanzi": "玉溪市"
	},
	"zaozhuang": {
		"coord": [
			34.8079,
			117.2793
		],
		"hanzi": "枣庄市"
	},
	"zhangjiagang": {
		"coord": [
			31.8756,
			120.556
		],
		"hanzi": "张家港市"
	},
	"zhangjiajie": {
		"coord": [
			29.1249,
			110.4816
		],
		"hanzi": "张家界市"
	},
	"zhangjiakou": {
		"coord": [
			40.8112,
			114.8938
		],
		"hanzi": "张家口市"
	},
	"zhangye": {
		"coord": [
			38.9393,
			100.4599
		],
		"hanzi": "张掖市"
	},
	"zhangzhou": {
		"coord": [
			24.5171,
			117.6762
		],
		"hanzi": "漳州市"
	},
	"zhanjiang": {
		"coord": [
			21.2575,
			110.3651
		],
		"hanzi": "湛江市"
	},
	"zhaoqing": {
		"coord": [
			23.0787,
			112.4797
		],
		"hanzi": "肇庆市"
	},
	"zhaotong": {
		"coord": [
			27.3406,
			103.725
		],
		"hanzi": "昭通市"
	},
	"zhaoyang": {
		"coord": [
			41.5718,
			120.4462
		],
		"hanzi": "朝阳市"
	},
	"zhengzhou": {
		"coord": [
			34.7566,
			113.6496
		],
		"hanzi": "郑州市"
	},
	"zhenjiang": {
		"coord": [
			32.2044,
			119.4558
		],
		"hanzi": "镇江市"
	},
	"zhongshan": {
		"coord": [
			22.5452,
			113.4221
		],
		"hanzi": "中山市"
	},
	"zhongwei": {
		"coord": [
			37.5211,
			105.1968
		],
		"hanzi": "中卫市"
	},
	"zhoukou": {
		"coord": [
			33.6237,
			114.6541
		],
		"hanzi": "周口市"
	},
	"zhoushan": {
		"coord": [
			30.036,
			122.1699
		],
		"hanzi": "舟山市"
	},
	"zhuhai": {
		"coord": [
			22.2569,
			113.5624
		],
		"hanzi": "珠海市"
	},
	"zhuji": {
		"coord": [
			29.7087,
			120.2469
		],
		"hanzi": "诸暨市"
	},
	"zhumadian": {
		"coord": [
			32.9832,
			114.0492
		],
		"hanzi": "驻马店市"
	},
	"zhuzhou": {
		"coord": [
			27.8274,
			113.1317
		],
		"hanzi": "株洲市"
	},
	"zibo": {
		"coord": [
			36.8047,
			118.0591
		],
		"hanzi": "淄博市"
	},
	"zigong": {
		"coord": [
			29.3592,
			104.7761
		],
		"hanzi": "自贡市"
	},
	"ziyang": {
		"coord": [
			30.1322,
			104.6359
		],
		"hanzi": "资阳市"
	},
	"zunyi": {
		"coord": [
			27.7,
			106.9313
		],
		"hanzi": "遵义市"
	}
}